[
    { "strength": 93,"name": "Solomon Grundy" },
    { "strength": 95,"name": "Bizarro" },
    { "strength": 100,"name": "Godzilla" },
    { "strength": 100,"name": "Juggernaut" },
    { "strength": 95,"name": "Citizen Steel" },
    { "strength": 85,"name": "Etrigan" },
    { "strength": 81,"name": "Fin Fang Foom" },
    { "strength": 100,"name": "Gladiator" },
    { "strength": 100,"name": "Ymir" },
    { "strength": 100,"name": "Amazo" },
    { "strength": 100,"name": "Atlas" },
    { "strength": 83,"name": "Colossus" },
    { "strength": 90,"name": "Hancock" },
    { "strength": 100,"name": "Hela" },
    { "strength": 85,"name": "Miss Martian" },
    { "strength": 100,"name": "Thor" },
    { "strength": 93,"name": "Cyborg Superman" },
    { "strength": 100,"name": "Doomsday" },
    { "strength": 84,"name": "Thing" },
    { "strength": 100,"name": "She-Hulk" },
    { "strength": 100,"name": "Anti-Monitor" },
    { "strength": 100,"name": "Big Barda" },
    { "strength": 100,"name": "Black Adam" },
    { "strength": 100,"name": "Darkseid" },
    { "strength": 95,"name": "Dormammu" },
    { "strength": 100,"name": "Dr Manhattan" },
    { "strength": 85,"name": "Fallen One II" },
    { "strength": 95,"name": "Faora" },
    { "strength": 100,"name": "Hulk" },
    { "strength": 100,"name": "Onslaught" },
    { "strength": 85,"name": "Sauron" },
    { "strength": 100,"name": "Spectre" },
    { "strength": 95,"name": "Swamp Thing" },
    { "strength": 83,"name": "Ultron" },
    { "strength": 100,"name": "Wonder Woman" },
    { "strength": 100,"name": "General Zod" },
    { "strength": 100,"name": "Lobo" },
    { "strength": 100,"name": "Power Girl" },
    { "strength": 100,"name": "Steppenwolf" },
    { "strength": 100,"name": "Superboy-Prime" },
    { "strength": 100,"name": "Supergirl" },
    { "strength": 100,"name": "Superman" },
    { "strength": 100,"name": "Apocalypse" },
    { "strength": 100,"name": "Beyonder" },
    { "strength": 100,"name": "Galactus" },
    { "strength": 100,"name": "Living Tribunal" },
    { "strength": 100,"name": "Man of Miracles" },
    { "strength": 95,"name": "Martian Manhunter" },
    { "strength": 85,"name": "Mister Mxyzptlk" },
    { "strength": 85,"name": "Nova" },
    { "strength": 100,"name": "One-Above-All" },
    { "strength": 100,"name": "Phoenix" },
    { "strength": 100,"name": "Thanos" }
]