<?xml version="1.0" encoding="UTF-8"?>
<publishers>
    <publisher name="Marvel Comics">
        <superheroes>269</superheroes>
    </publisher>
    <publisher name="Wildstorm">
        <superheroes>1</superheroes>
    </publisher>
    <publisher name="Archangel">
        <superheroes>1</superheroes>
    </publisher>
    <publisher name="Tempest">
        <superheroes>1</superheroes>
    </publisher>
    <publisher name="Giant-Man">
        <superheroes>1</superheroes>
    </publisher>
    <publisher name="Toxin">
        <superheroes>1</superheroes>
    </publisher>
    <publisher name="Angel">
        <superheroes>1</superheroes>
    </publisher>
    <publisher name="Oracle">
        <superheroes>1</superheroes>
    </publisher>
    <publisher name="Spoiler">
        <superheroes>1</superheroes>
    </publisher>
    <publisher name="Nightwing">
        <superheroes>1</superheroes>
    </publisher>
    <publisher name="Meltdown">
        <superheroes>1</superheroes>
    </publisher>
    <publisher name="Gemini V">
        <superheroes>1</superheroes>
    </publisher>
    <publisher name="South Park">
        <superheroes>1</superheroes>
    </publisher>
    <publisher name="Binary">
        <superheroes>1</superheroes>
    </publisher>
    <publisher name="Universal Studios">
        <superheroes>1</superheroes>
    </publisher>
    <publisher name="Evil Deadpool">
        <superheroes>1</superheroes>
    </publisher>
    <publisher name="Black Racer">
        <superheroes>1</superheroes>
    </publisher>
    <publisher name="Speed Demon">
        <superheroes>1</superheroes>
    </publisher>
    <publisher name="Impulse">
        <superheroes>1</superheroes>
    </publisher>
    <publisher name="J. K. Rowling">
        <superheroes>1</superheroes>
    </publisher>
    <publisher name="Batgirl III">
        <superheroes>1</superheroes>
    </publisher>
    <publisher name="Flash IV">
        <superheroes>1</superheroes>
    </publisher>
    <publisher name="Titan Books">
        <superheroes>1</superheroes>
    </publisher>
    <publisher name="Phoenix">
        <superheroes>1</superheroes>
    </publisher>
    <publisher name="Power Woman">
        <superheroes>1</superheroes>
    </publisher>
    <publisher name="Rebellion">
        <superheroes>1</superheroes>
    </publisher>
    <publisher name="Iron Lad">
        <superheroes>1</superheroes>
    </publisher>
    <publisher name="Power Man">
        <superheroes>1</superheroes>
    </publisher>
    <publisher name="Microsoft">
        <superheroes>1</superheroes>
    </publisher>
    <publisher name="Boom-Boom">
        <superheroes>1</superheroes>
    </publisher>
    <publisher name="Batgirl V">
        <superheroes>1</superheroes>
    </publisher>
    <publisher name="She-Thing">
        <superheroes>1</superheroes>
    </publisher>
    <publisher name="Batgirl">
        <superheroes>1</superheroes>
    </publisher>
    <publisher name="Jean Grey">
        <superheroes>1</superheroes>
    </publisher>
    <publisher name="Robin II">
        <superheroes>1</superheroes>
    </publisher>
    <publisher name="Robin III">
        <superheroes>1</superheroes>
    </publisher>
    <publisher name="Red Hood">
        <superheroes>1</superheroes>
    </publisher>
    <publisher name="Red Robin">
        <superheroes>1</superheroes>
    </publisher>
    <publisher name="J. R. R. Tolkien">
        <superheroes>1</superheroes>
    </publisher>
    <publisher name="Spider-Carnage">
        <superheroes>1</superheroes>
    </publisher>
    <publisher name="Venom III">
        <superheroes>1</superheroes>
    </publisher>
    <publisher name="Ms Marvel II">
        <superheroes>1</superheroes>
    </publisher>
    <publisher name="Aztar">
        <superheroes>1</superheroes>
    </publisher>
    <publisher name="Superman Prime One-Million">
        <superheroes>1</superheroes>
    </publisher>
    <publisher name="Angel Salvadore">
        <superheroes>1</superheroes>
    </publisher>
    <publisher name="Rune King Thor">
        <superheroes>1</superheroes>
    </publisher>
    <publisher name="Scorpion">
        <superheroes>1</superheroes>
    </publisher>
    <publisher name="Vindicator II">
        <superheroes>1</superheroes>
    </publisher>
    <publisher name="Anti-Vision">
        <superheroes>1</superheroes>
    </publisher>
    <publisher name="Thunderbird II">
        <superheroes>1</superheroes>
    </publisher>
    <publisher name="Ant-Man">
        <superheroes>1</superheroes>
    </publisher>
</publishers>